satou.tatsuya,2017/06/23,22:44:39,'W',1
satou.tatsuya,2017/06/23,22:44:39,'D',1
satou.tatsuya,2017/06/23,22:44:40,'F',1
satou.tatsuya,2017/06/23,22:44:40,'E',1
satou.tatsuya,2017/06/23,22:44:40,'U',1
satou.tatsuya,2017/06/23,22:44:40,'F',1
satou.tatsuya,2017/06/23,22:44:40,'8(()',1
satou.tatsuya,2017/06/23,22:44:40,';(+)',1
satou.tatsuya,2017/06/23,22:44:40,'E',1
satou.tatsuya,2017/06/23,22:44:40,'F',1
satou.tatsuya,2017/06/23,22:44:40,'O',1
satou.tatsuya,2017/06/23,22:44:40,'P',1
satou.tatsuya,2017/06/23,22:44:40,'A',1
satou.tatsuya,2017/06/23,22:44:40,'E',1
satou.tatsuya,2017/06/23,22:44:40,'K',1
satou.tatsuya,2017/06/23,22:44:40,'F',1
satou.tatsuya,2017/06/23,22:44:40,'V',1
satou.tatsuya,2017/06/23,22:44:40,'P',1
satou.tatsuya,2017/06/23,22:44:40,'0()',1
satou.tatsuya,2017/06/23,22:44:40,':(*)',1
satou.tatsuya,2017/06/23,22:44:40,'A',1
satou.tatsuya,2017/06/23,22:44:40,'E',1
satou.tatsuya,2017/06/23,22:44:40,'K',1
satou.tatsuya,2017/06/23,22:44:41,'R',1
satou.tatsuya,2017/06/23,22:44:41,'G',1
satou.tatsuya,2017/06/23,22:44:41,'O',1
satou.tatsuya,2017/06/23,22:44:41,'J',1
satou.tatsuya,2017/06/23,22:44:41,'A',1
satou.tatsuya,2017/06/23,22:44:41,'E',1
satou.tatsuya,2017/06/23,22:44:41,'9())',1
satou.tatsuya,2017/06/23,22:44:41,'R',1
satou.tatsuya,2017/06/23,22:44:41,'J',1
satou.tatsuya,2017/06/23,22:44:41,'G',1
satou.tatsuya,2017/06/23,22:44:41,'@',1
satou.tatsuya,2017/06/23,22:44:41,'A',1
satou.tatsuya,2017/06/23,22:44:41,'W',1
satou.tatsuya,2017/06/23,22:44:41,'E',1
satou.tatsuya,2017/06/23,22:44:41,'S',1
satou.tatsuya,2017/06/23,22:44:41,';(+)',1
satou.tatsuya,2017/06/23,22:44:41,'F',1
satou.tatsuya,2017/06/23,22:44:41,'caps lock',1
satou.tatsuya,2017/06/23,22:44:41,'W',1
satou.tatsuya,2017/06/23,22:44:41,'K',1
satou.tatsuya,2017/06/23,22:44:41,'F',1
satou.tatsuya,2017/06/23,22:44:41,'P',1
satou.tatsuya,2017/06/23,22:44:42,'W',1
satou.tatsuya,2017/06/23,22:44:42,'caps lock',1
satou.tatsuya,2017/06/23,22:44:42,'J',1
satou.tatsuya,2017/06/23,22:44:42,'',1
satou.tatsuya,2017/06/23,22:44:42,'S',1
satou.tatsuya,2017/06/23,22:44:42,'E',1
satou.tatsuya,2017/06/23,22:44:42,'G',1
satou.tatsuya,2017/06/23,22:44:42,'I',1
satou.tatsuya,2017/06/23,22:44:42,':(*)',1
satou.tatsuya,2017/06/23,22:44:42,'A',1
satou.tatsuya,2017/06/23,22:44:42,'I',1
satou.tatsuya,2017/06/23,22:44:42,'K',1
satou.tatsuya,2017/06/23,22:44:42,'G',1
satou.tatsuya,2017/06/23,22:44:42,'K',1
satou.tatsuya,2017/06/23,22:44:42,'E',1
satou.tatsuya,2017/06/23,22:44:42,'J',1
satou.tatsuya,2017/06/23,22:44:42,'Z',1
satou.tatsuya,2017/06/23,22:44:42,'D',1
satou.tatsuya,2017/06/23,22:44:42,'R',1
satou.tatsuya,2017/06/23,22:44:42,'9())',1
satou.tatsuya,2017/06/23,22:44:42,'@',1
satou.tatsuya,2017/06/23,22:44:42,'G',1
satou.tatsuya,2017/06/23,22:44:42,'U',1
satou.tatsuya,2017/06/23,22:44:42,'caps lock',1
satou.tatsuya,2017/06/23,22:44:43,'W',1
satou.tatsuya,2017/06/23,22:44:43,'S',1
satou.tatsuya,2017/06/23,22:44:43,'K',1
satou.tatsuya,2017/06/23,22:44:43,'',1
satou.tatsuya,2017/06/23,22:44:43,'F',1
satou.tatsuya,2017/06/23,22:44:43,'P',1
satou.tatsuya,2017/06/23,22:44:43,'caps lock',1
satou.tatsuya,2017/06/23,22:44:43,'W',1
satou.tatsuya,2017/06/23,22:44:43,'K',1
satou.tatsuya,2017/06/23,22:44:43,'A',1
satou.tatsuya,2017/06/23,22:44:43,'',1
satou.tatsuya,2017/06/23,22:44:43,'](})',1
satou.tatsuya,2017/06/23,22:44:43,'0()',1
satou.tatsuya,2017/06/23,22:44:43,'F',1
satou.tatsuya,2017/06/23,22:44:43,'I',1
satou.tatsuya,2017/06/23,22:44:43,'W',1
satou.tatsuya,2017/06/23,22:44:43,'caps lock',1
satou.tatsuya,2017/06/23,22:44:43,'9())',1
satou.tatsuya,2017/06/23,22:44:43,'S',1
satou.tatsuya,2017/06/23,22:44:43,'E',1
satou.tatsuya,2017/06/23,22:44:43,'I',1
satou.tatsuya,2017/06/23,22:44:43,'',1
satou.tatsuya,2017/06/23,22:44:43,'G',1
satou.tatsuya,2017/06/23,22:44:43,'@',1
satou.tatsuya,2017/06/23,22:44:43,'W',1
satou.tatsuya,2017/06/23,22:44:43,'caps lock',1
satou.tatsuya,2017/06/23,22:44:43,'9())',1
satou.tatsuya,2017/06/23,22:44:44,'J',1
satou.tatsuya,2017/06/23,22:44:44,'E',1
satou.tatsuya,2017/06/23,22:44:44,'T',1
satou.tatsuya,2017/06/23,22:44:44,':(*)',1
satou.tatsuya,2017/06/23,22:44:44,'P',1
satou.tatsuya,2017/06/23,22:44:44,'G',1
satou.tatsuya,2017/06/23,22:44:44,'Q',1
satou.tatsuya,2017/06/23,22:44:44,'O',1
satou.tatsuya,2017/06/23,22:44:44,'E',1
satou.tatsuya,2017/06/23,22:44:44,'A',1
satou.tatsuya,2017/06/23,22:44:44,'K',1
satou.tatsuya,2017/06/23,22:44:44,'G',1
satou.tatsuya,2017/06/23,22:44:44,'0()',1
satou.tatsuya,2017/06/23,22:44:44,'A',1
satou.tatsuya,2017/06/23,22:44:44,'I',1
satou.tatsuya,2017/06/23,22:44:44,'W',1
satou.tatsuya,2017/06/23,22:44:44,'S',1
satou.tatsuya,2017/06/23,22:44:44,'E',1
satou.tatsuya,2017/06/23,22:44:44,'@',1
satou.tatsuya,2017/06/23,22:44:44,'',1
satou.tatsuya,2017/06/23,22:44:44,'F',1
satou.tatsuya,2017/06/23,22:44:44,'I',1
satou.tatsuya,2017/06/23,22:44:44,'caps lock',1
satou.tatsuya,2017/06/23,22:44:44,'W',1
satou.tatsuya,2017/06/23,22:44:44,'K',1
satou.tatsuya,2017/06/23,22:44:44,'E',1
satou.tatsuya,2017/06/23,22:44:45,'P',1
satou.tatsuya,2017/06/23,22:44:45,'F',1
satou.tatsuya,2017/06/23,22:44:45,'K',1
satou.tatsuya,2017/06/23,22:44:45,'W',1
satou.tatsuya,2017/06/23,22:44:45,'',1
satou.tatsuya,2017/06/23,22:44:45,'A',1
satou.tatsuya,2017/06/23,22:44:45,'E',1
satou.tatsuya,2017/06/23,22:44:45,'J',1
satou.tatsuya,2017/06/23,22:44:45,'G',1
satou.tatsuya,2017/06/23,22:44:45,'W',1
satou.tatsuya,2017/06/23,22:44:45,'caps lock',1
satou.tatsuya,2017/06/23,22:44:45,':(*)',1
satou.tatsuya,2017/06/23,22:44:45,'I',1
satou.tatsuya,2017/06/23,22:44:45,'E',1
satou.tatsuya,2017/06/23,22:44:45,'T',1
satou.tatsuya,2017/06/23,22:44:45,':(*)',1
satou.tatsuya,2017/06/23,22:44:45,'K',1
satou.tatsuya,2017/06/23,22:44:45,'W',1
satou.tatsuya,2017/06/23,22:44:45,'E',1
satou.tatsuya,2017/06/23,22:44:45,'S',1
satou.tatsuya,2017/06/23,22:44:45,'](})',1
satou.tatsuya,2017/06/23,22:44:45,'F',1
satou.tatsuya,2017/06/23,22:44:45,'I',1
satou.tatsuya,2017/06/23,22:44:46,'N',1
satou.tatsuya,2017/06/23,22:44:46,'caps lock',1
satou.tatsuya,2017/06/23,22:44:46,'W',1
satou.tatsuya,2017/06/23,22:44:46,'E',1
satou.tatsuya,2017/06/23,22:44:46,'I',1
satou.tatsuya,2017/06/23,22:44:46,'S',1
satou.tatsuya,2017/06/23,22:44:46,'R',1
satou.tatsuya,2017/06/23,22:44:46,'F',1
satou.tatsuya,2017/06/23,22:44:46,'9())',1
satou.tatsuya,2017/06/23,22:44:46,'Q',1
satou.tatsuya,2017/06/23,22:44:46,'C',1
satou.tatsuya,2017/06/23,22:44:46,'3(#)',1
satou.tatsuya,2017/06/23,22:44:46,'A',1
satou.tatsuya,2017/06/23,22:44:46,'P',1
satou.tatsuya,2017/06/23,22:44:46,'8(()',1
satou.tatsuya,2017/06/23,22:44:46,'E',1
satou.tatsuya,2017/06/23,22:44:46,'T',1
satou.tatsuya,2017/06/23,22:44:46,'U',1
satou.tatsuya,2017/06/23,22:44:46,'G',1
satou.tatsuya,2017/06/23,22:44:46,'Q',1
satou.tatsuya,2017/06/23,22:44:46,'O',1
satou.tatsuya,2017/06/23,22:44:46,'A',1
satou.tatsuya,2017/06/23,22:44:46,'W',1
satou.tatsuya,2017/06/23,22:44:46,'I',1
satou.tatsuya,2017/06/23,22:44:46,'S',1
satou.tatsuya,2017/06/23,22:44:46,'E',1
satou.tatsuya,2017/06/23,22:44:46,'',1
satou.tatsuya,2017/06/23,22:44:46,'D',1
satou.tatsuya,2017/06/23,22:44:46,'](})',1
satou.tatsuya,2017/06/23,22:44:46,'P',1
satou.tatsuya,2017/06/23 22:44:48,'左クリック',1
satou.tatsuya,2017/06/23 22:44:55,'左クリック',1
satou.tatsuya,2017/06/23 22:44:58,'左クリック',1
satou.tatsuya,2017/06/23 22:45:00,'左クリック',1
satou.tatsuya,2017/06/23 22:45:03,'左クリック',1
satou.tatsuya,2017/06/23 22:45:05,'左クリック',1
satou.tatsuya,2017/06/23,22:51:01,'S',1
satou.tatsuya,2017/06/23,22:51:01,'D',1
satou.tatsuya,2017/06/23,22:51:01,'F',1
satou.tatsuya,2017/06/23,22:51:01,'S',1
satou.tatsuya,2017/06/23,22:51:01,'D',1
satou.tatsuya,2017/06/23,22:51:01,'F',1
satou.tatsuya,2017/06/23,22:51:02,'A',1
satou.tatsuya,2017/06/23,22:51:02,'S',1
satou.tatsuya,2017/06/23,22:51:02,'H',1
satou.tatsuya,2017/06/23,22:51:02,'G',1
satou.tatsuya,2017/06/23,22:51:02,';(+)',1
satou.tatsuya,2017/06/23,22:51:02,'V',1
satou.tatsuya,2017/06/23,22:51:02,'A',1
satou.tatsuya,2017/06/23,22:51:02,'S',1
satou.tatsuya,2017/06/23,22:51:02,'R',1
satou.tatsuya,2017/06/23,22:51:02,'J',1
satou.tatsuya,2017/06/23,22:51:02,':(*)',1
satou.tatsuya,2017/06/23,22:51:02,'O',1
satou.tatsuya,2017/06/23,22:51:02,'A',1
satou.tatsuya,2017/06/23,22:51:02,'S',1
satou.tatsuya,2017/06/23,22:51:02,'',1
satou.tatsuya,2017/06/23,22:51:02,'G',1
satou.tatsuya,2017/06/23,22:51:02,'E',1
satou.tatsuya,2017/06/23,22:51:02,'A',1
satou.tatsuya,2017/06/23,22:51:03,'H',1
satou.tatsuya,2017/06/23,22:51:03,'S',1
satou.tatsuya,2017/06/23,22:51:03,'R',1
satou.tatsuya,2017/06/23,22:51:03,'',1
satou.tatsuya,2017/06/23 22:51:04,'左クリック',1
satou.tatsuya,2017/06/23 22:51:12,'左クリック',1
satou.tatsuya,2017/06/23 22:51:13,'左クリック',1
satou.tatsuya,2017/06/23 22:51:14,'左クリック',1
satou.tatsuya,2017/06/23 22:51:15,'左クリック',1
satou.tatsuya,2017/06/23 22:51:21,'左クリック',1
satou.tatsuya,2017/06/23,22:51:22,'',1
satou.tatsuya,2017/06/23,22:51:23,'S',1
satou.tatsuya,2017/06/23,22:51:23,'E',1
satou.tatsuya,2017/06/23,22:51:23,'L',1
satou.tatsuya,2017/06/23,22:51:23,'E',1
satou.tatsuya,2017/06/23,22:51:23,'C',1
satou.tatsuya,2017/06/23,22:51:24,'T',1
satou.tatsuya,2017/06/23,22:51:24,'space',1
satou.tatsuya,2017/06/23,22:51:24,'',1
satou.tatsuya,2017/06/23,22:51:25,':(*)',1
satou.tatsuya,2017/06/23,22:51:25,'space',1
satou.tatsuya,2017/06/23,22:51:25,'',1
satou.tatsuya,2017/06/23,22:51:25,'F',1
satou.tatsuya,2017/06/23,22:51:26,'R',1
satou.tatsuya,2017/06/23,22:51:26,'O',1
satou.tatsuya,2017/06/23,22:51:26,'M',1
satou.tatsuya,2017/06/23,22:51:26,'space',1
satou.tatsuya,2017/06/23,22:51:27,'P',1
satou.tatsuya,2017/06/23,22:51:28,'C',1
satou.tatsuya,2017/06/23,22:51:28,'L',1
satou.tatsuya,2017/06/23,22:51:28,'O',1
satou.tatsuya,2017/06/23,22:51:28,'G',1
satou.tatsuya,2017/06/23,22:51:29,'space',1
satou.tatsuya,2017/06/23,22:51:29,'',1
satou.tatsuya,2017/06/23,22:51:29,'W',1
satou.tatsuya,2017/06/23,22:51:30,'H',1
satou.tatsuya,2017/06/23,22:51:30,'E',1
satou.tatsuya,2017/06/23,22:51:30,'R',1
satou.tatsuya,2017/06/23,22:51:30,'E',1
satou.tatsuya,2017/06/23,22:51:31,'space',1
satou.tatsuya,2017/06/23,22:51:35,'D',1
satou.tatsuya,2017/06/23,22:51:35,'A',1
satou.tatsuya,2017/06/23,22:51:36,'T',1
satou.tatsuya,2017/06/23,22:51:36,'E',1
satou.tatsuya,2017/06/23,22:51:36,'space',1
satou.tatsuya,2017/06/23,22:51:37,'',1
satou.tatsuya,2017/06/23,22:51:37,'-(=)',1
satou.tatsuya,2017/06/23,22:51:37,'space',1
satou.tatsuya,2017/06/23,22:51:38,'2('')',1
satou.tatsuya,2017/06/23,22:51:38,'0()',1
satou.tatsuya,2017/06/23,22:51:38,'1(!)',1
satou.tatsuya,2017/06/23,22:51:39,'7(&)',1
satou.tatsuya,2017/06/23,22:51:39,'0()',1
satou.tatsuya,2017/06/23,22:51:41,'backspace',1
satou.tatsuya,2017/06/23,22:51:41,'-(=)',1
satou.tatsuya,2017/06/23,22:51:41,'0()',1
satou.tatsuya,2017/06/23,22:51:42,'6(&)',1
satou.tatsuya,2017/06/23,22:51:42,'-(=)',1
satou.tatsuya,2017/06/23,22:51:43,'2('')',1
satou.tatsuya,2017/06/23,22:51:44,'3(#)',1
satou.tatsuya,2017/06/23,22:51:44,';(+)',1
satou.tatsuya,2017/06/23,22:51:44,'enter',1
satou.tatsuya,2017/06/23,22:51:47,'↑',1
satou.tatsuya,2017/06/23,22:51:48,'←',1
satou.tatsuya,2017/06/23,22:51:49,'←',1
satou.tatsuya,2017/06/23,22:51:49,'←',1
satou.tatsuya,2017/06/23,22:51:49,'←',1
satou.tatsuya,2017/06/23,22:51:49,'←',1
satou.tatsuya,2017/06/23,22:51:49,'←',1
satou.tatsuya,2017/06/23,22:51:49,'←',1
satou.tatsuya,2017/06/23,22:51:50,'←',1
satou.tatsuya,2017/06/23,22:51:50,'←',1
satou.tatsuya,2017/06/23,22:51:51,'←',1
satou.tatsuya,2017/06/23,22:51:51,'←',1
satou.tatsuya,2017/06/23,22:51:52,'',1
satou.tatsuya,2017/06/23,22:51:52,'7(&)',1
satou.tatsuya,2017/06/23,22:51:52,'→',1
satou.tatsuya,2017/06/23,22:51:53,'→',1
satou.tatsuya,2017/06/23,22:51:54,'→',1
satou.tatsuya,2017/06/23,22:51:54,'→',1
satou.tatsuya,2017/06/23,22:51:54,'→',1
satou.tatsuya,2017/06/23,22:51:54,'→',1
satou.tatsuya,2017/06/23,22:51:54,'→',1
satou.tatsuya,2017/06/23,22:51:54,'→',1
satou.tatsuya,2017/06/23,22:51:54,'→',1
satou.tatsuya,2017/06/23,22:51:54,'→',1
satou.tatsuya,2017/06/23,22:51:54,'→',1
satou.tatsuya,2017/06/23,22:51:54,'→',1
satou.tatsuya,2017/06/23,22:51:54,'→',1
satou.tatsuya,2017/06/23,22:51:54,'→',1
satou.tatsuya,2017/06/23,22:51:55,'←',1
satou.tatsuya,2017/06/23,22:51:55,'',1
satou.tatsuya,2017/06/23,22:51:55,'7(&)',1
satou.tatsuya,2017/06/23,22:51:56,'enter',1
satou.tatsuya,2017/06/23,22:52:05,'↑',1
satou.tatsuya,2017/06/23,22:52:05,'←',1
satou.tatsuya,2017/06/23,22:52:06,'←',1
satou.tatsuya,2017/06/23,22:52:06,'←',1
satou.tatsuya,2017/06/23,22:52:06,'←',1
satou.tatsuya,2017/06/23,22:52:06,'←',1
satou.tatsuya,2017/06/23,22:52:06,'←',1
satou.tatsuya,2017/06/23,22:52:06,'←',1
satou.tatsuya,2017/06/23,22:52:06,'←',1
satou.tatsuya,2017/06/23,22:52:06,'←',1
satou.tatsuya,2017/06/23,22:52:06,'←',1
satou.tatsuya,2017/06/23,22:52:06,'←',1
satou.tatsuya,2017/06/23,22:52:06,'←',1
satou.tatsuya,2017/06/23,22:52:06,'←',1
satou.tatsuya,2017/06/23,22:52:06,'←',1
satou.tatsuya,2017/06/23,22:52:06,'←',1
satou.tatsuya,2017/06/23,22:52:06,'←',1
satou.tatsuya,2017/06/23,22:52:06,'←',1
satou.tatsuya,2017/06/23,22:52:07,'←',1
satou.tatsuya,2017/06/23,22:52:07,'←',1
satou.tatsuya,2017/06/23,22:52:07,'←',1
satou.tatsuya,2017/06/23,22:52:07,'←',1
satou.tatsuya,2017/06/23,22:52:07,'←',1
satou.tatsuya,2017/06/23,22:52:07,'←',1
satou.tatsuya,2017/06/23,22:52:07,'←',1
satou.tatsuya,2017/06/23,22:52:07,'←',1
satou.tatsuya,2017/06/23,22:52:07,'←',1
satou.tatsuya,2017/06/23,22:52:07,'←',1
satou.tatsuya,2017/06/23,22:52:07,'←',1
satou.tatsuya,2017/06/23,22:52:07,'←',1
satou.tatsuya,2017/06/23,22:52:07,'←',1
satou.tatsuya,2017/06/23,22:52:07,'←',1
satou.tatsuya,2017/06/23,22:52:07,'←',1
satou.tatsuya,2017/06/23,22:52:07,'←',1
satou.tatsuya,2017/06/23,22:52:07,'←',1
satou.tatsuya,2017/06/23,22:52:07,'←',1
satou.tatsuya,2017/06/23,22:52:07,'←',1
satou.tatsuya,2017/06/23,22:52:07,'←',1
satou.tatsuya,2017/06/23,22:52:07,'←',1
satou.tatsuya,2017/06/23,22:52:07,'←',1
satou.tatsuya,2017/06/23,22:52:07,'←',1
satou.tatsuya,2017/06/23,22:52:07,'←',1
satou.tatsuya,2017/06/23,22:52:07,'←',1
satou.tatsuya,2017/06/23,22:52:08,'←',1
satou.tatsuya,2017/06/23,22:52:08,'←',1
satou.tatsuya,2017/06/23,22:52:08,'←',1
satou.tatsuya,2017/06/23,22:52:08,'←',1
satou.tatsuya,2017/06/23,22:52:08,'←',1
satou.tatsuya,2017/06/23,22:52:08,'←',1
satou.tatsuya,2017/06/23,22:52:08,'←',1
satou.tatsuya,2017/06/23,22:52:08,'←',1
satou.tatsuya,2017/06/23,22:52:08,'←',1
satou.tatsuya,2017/06/23,22:52:08,'←',1
satou.tatsuya,2017/06/23,22:52:08,'←',1
satou.tatsuya,2017/06/23,22:52:08,'←',1
satou.tatsuya,2017/06/23,22:52:08,'←',1
satou.tatsuya,2017/06/23,22:52:08,'→',1
satou.tatsuya,2017/06/23,22:52:09,'→',1
satou.tatsuya,2017/06/23,22:52:09,'→',1
satou.tatsuya,2017/06/23,22:52:09,'→',1
satou.tatsuya,2017/06/23,22:52:09,'→',1
satou.tatsuya,2017/06/23,22:52:09,'→',1
satou.tatsuya,2017/06/23,22:52:09,'→',1
satou.tatsuya,2017/06/23,22:52:09,'→',1
satou.tatsuya,2017/06/23,22:52:09,'→',1
satou.tatsuya,2017/06/23,22:52:09,'→',1
satou.tatsuya,2017/06/23,22:52:09,'→',1
satou.tatsuya,2017/06/23,22:52:09,'→',1
satou.tatsuya,2017/06/23,22:52:09,'→',1
satou.tatsuya,2017/06/23,22:52:09,'→',1
satou.tatsuya,2017/06/23,22:52:09,'→',1
satou.tatsuya,2017/06/23,22:52:09,'→',1
satou.tatsuya,2017/06/23,22:52:09,'→',1
satou.tatsuya,2017/06/23,22:52:09,'→',1
satou.tatsuya,2017/06/23,22:52:09,'→',1
satou.tatsuya,2017/06/23,22:52:09,'→',1
satou.tatsuya,2017/06/23,22:52:09,'→',1
satou.tatsuya,2017/06/23,22:52:09,'→',1
satou.tatsuya,2017/06/23,22:52:10,'→',1
satou.tatsuya,2017/06/23,22:52:10,'→',1
satou.tatsuya,2017/06/23,22:52:10,'→',1
satou.tatsuya,2017/06/23,22:52:10,'→',1
satou.tatsuya,2017/06/23,22:52:10,'→',1
satou.tatsuya,2017/06/23,22:52:10,'→',1
satou.tatsuya,2017/06/23,22:52:10,'→',1
satou.tatsuya,2017/06/23,22:52:10,'→',1
satou.tatsuya,2017/06/23,22:52:10,'→',1
satou.tatsuya,2017/06/23,22:52:10,'→',1
satou.tatsuya,2017/06/23,22:52:10,'→',1
satou.tatsuya,2017/06/23,22:52:10,'→',1
satou.tatsuya,2017/06/23,22:52:10,'→',1
satou.tatsuya,2017/06/23,22:52:10,'→',1
satou.tatsuya,2017/06/23,22:52:10,'→',1
satou.tatsuya,2017/06/23,22:52:10,'→',1
satou.tatsuya,2017/06/23,22:52:10,'→',1
satou.tatsuya,2017/06/23,22:52:10,'→',1
satou.tatsuya,2017/06/23,22:52:10,'→',1
satou.tatsuya,2017/06/23,22:52:10,'→',1
satou.tatsuya,2017/06/23,22:52:10,'→',1
satou.tatsuya,2017/06/23,22:52:10,'→',1
satou.tatsuya,2017/06/23,22:52:10,'→',1
satou.tatsuya,2017/06/23,22:52:10,'→',1
satou.tatsuya,2017/06/23,22:52:10,'→',1
satou.tatsuya,2017/06/23,22:52:11,'→',1
satou.tatsuya,2017/06/23,22:52:11,'→',1
satou.tatsuya,2017/06/23,22:52:11,'→',1
satou.tatsuya,2017/06/23,22:52:11,'→',1
satou.tatsuya,2017/06/23,22:52:11,'→',1
satou.tatsuya,2017/06/23,22:52:11,'←',1
satou.tatsuya,2017/06/23,22:52:12,'backspace',1
satou.tatsuya,2017/06/23,22:52:12,'backspace',1
satou.tatsuya,2017/06/23,22:52:12,'backspace',1
satou.tatsuya,2017/06/23,22:52:13,'backspace',1
satou.tatsuya,2017/06/23,22:52:13,'backspace',1
satou.tatsuya,2017/06/23,22:52:13,'backspace',1
satou.tatsuya,2017/06/23,22:52:13,'backspace',1
satou.tatsuya,2017/06/23,22:52:13,'backspace',1
satou.tatsuya,2017/06/23,22:52:13,'backspace',1
satou.tatsuya,2017/06/23,22:52:13,'backspace',1
satou.tatsuya,2017/06/23,22:52:13,'backspace',1
satou.tatsuya,2017/06/23,22:52:13,'backspace',1
satou.tatsuya,2017/06/23,22:52:13,'backspace',1
satou.tatsuya,2017/06/23,22:52:13,'backspace',1
satou.tatsuya,2017/06/23,22:52:13,'backspace',1
satou.tatsuya,2017/06/23,22:52:13,'backspace',1
satou.tatsuya,2017/06/23,22:52:13,'backspace',1
satou.tatsuya,2017/06/23,22:52:13,'backspace',1
satou.tatsuya,2017/06/23,22:52:13,'backspace',1
satou.tatsuya,2017/06/23,22:52:13,'backspace',1
satou.tatsuya,2017/06/23,22:52:13,'backspace',1
satou.tatsuya,2017/06/23,22:52:13,'backspace',1
satou.tatsuya,2017/06/23,22:52:13,'backspace',1
satou.tatsuya,2017/06/23,22:52:13,'backspace',1
satou.tatsuya,2017/06/23,22:52:13,'backspace',1
satou.tatsuya,2017/06/23,22:52:13,'backspace',1
satou.tatsuya,2017/06/23,22:52:13,'backspace',1
satou.tatsuya,2017/06/23,22:52:14,'backspace',1
satou.tatsuya,2017/06/23,22:52:14,'backspace',1
satou.tatsuya,2017/06/23,22:52:14,'backspace',1
satou.tatsuya,2017/06/23,22:52:14,'backspace',1
satou.tatsuya,2017/06/23,22:52:14,'backspace',1
satou.tatsuya,2017/06/23,22:52:14,'backspace',1
satou.tatsuya,2017/06/23,22:52:14,'backspace',1
satou.tatsuya,2017/06/23,22:52:14,'backspace',1
satou.tatsuya,2017/06/23,22:52:14,'backspace',1
satou.tatsuya,2017/06/23,22:52:14,'backspace',1
satou.tatsuya,2017/06/23,22:52:14,'backspace',1
satou.tatsuya,2017/06/23,22:52:14,'backspace',1
satou.tatsuya,2017/06/23,22:52:14,'backspace',1
satou.tatsuya,2017/06/23,22:52:14,'backspace',1
satou.tatsuya,2017/06/23,22:52:14,'backspace',1
satou.tatsuya,2017/06/23,22:52:14,'backspace',1
satou.tatsuya,2017/06/23,22:52:14,'backspace',1
satou.tatsuya,2017/06/23,22:52:14,'backspace',1
satou.tatsuya,2017/06/23,22:52:14,'backspace',1
satou.tatsuya,2017/06/23,22:52:14,'backspace',1
satou.tatsuya,2017/06/23,22:52:14,'backspace',1
satou.tatsuya,2017/06/23,22:52:14,'backspace',1
satou.tatsuya,2017/06/23,22:52:14,'backspace',1
satou.tatsuya,2017/06/23,22:52:14,'backspace',1
satou.tatsuya,2017/06/23,22:52:14,'backspace',1
satou.tatsuya,2017/06/23,22:52:15,'backspace',1
satou.tatsuya,2017/06/23,22:52:15,'backspace',1
satou.tatsuya,2017/06/23,22:52:15,'backspace',1
satou.tatsuya,2017/06/23,22:52:15,'',1
satou.tatsuya,2017/06/23,22:52:15,'D',1
satou.tatsuya,2017/06/23,22:52:15,'E',1
satou.tatsuya,2017/06/23,22:52:16,'L',1
satou.tatsuya,2017/06/23,22:52:16,'E',1
satou.tatsuya,2017/06/23,22:52:16,'T',1
satou.tatsuya,2017/06/23,22:52:16,'E',1
satou.tatsuya,2017/06/23,22:52:16,'space',1
satou.tatsuya,2017/06/23,22:52:18,'',1
satou.tatsuya,2017/06/23,22:52:19,'F',1
satou.tatsuya,2017/06/23,22:52:19,'R',1
satou.tatsuya,2017/06/23,22:52:19,'O',1
satou.tatsuya,2017/06/23,22:52:19,'M',1
satou.tatsuya,2017/06/23,22:52:19,'space',1
satou.tatsuya,2017/06/23,22:52:20,'P',1
satou.tatsuya,2017/06/23,22:52:21,'C',1
satou.tatsuya,2017/06/23,22:52:21,'L',1
satou.tatsuya,2017/06/23,22:52:21,'O',1
satou.tatsuya,2017/06/23,22:52:21,'G',1
satou.tatsuya,2017/06/23,22:52:21,'space',1
satou.tatsuya,2017/06/23,22:52:22,'',1
satou.tatsuya,2017/06/23,22:52:22,'W',1
satou.tatsuya,2017/06/23,22:52:23,'H',1
satou.tatsuya,2017/06/23,22:52:23,'E',1
satou.tatsuya,2017/06/23,22:52:23,'R',1
satou.tatsuya,2017/06/23,22:52:23,'E',1
satou.tatsuya,2017/06/23,22:52:24,'space',1
satou.tatsuya,2017/06/23 22:52:25,'左クリック',1
satou.tatsuya,2017/06/23 22:52:25,'左クリック',1
satou.tatsuya,2017/06/23 22:52:25,'右クリック',1
satou.tatsuya,2017/06/23,22:52:26,'space',1
satou.tatsuya,2017/06/23,22:52:26,'',1
satou.tatsuya,2017/06/23,22:52:27,'^(~)',1
satou.tatsuya,2017/06/23,22:52:28,'',1
satou.tatsuya,2017/06/23,22:52:28,'-(=)',1
satou.tatsuya,2017/06/23,22:52:29,'space',1
satou.tatsuya,2017/06/23,22:52:30,'backspace',1
satou.tatsuya,2017/06/23,22:52:30,'backspace',1
satou.tatsuya,2017/06/23,22:52:30,'backspace',1
satou.tatsuya,2017/06/23,22:52:31,'',1
satou.tatsuya,2017/06/23,22:52:31,'-(=)',1
satou.tatsuya,2017/06/23,22:52:32,'space',1
satou.tatsuya,2017/06/23 22:52:33,'左クリック',1
satou.tatsuya,2017/06/23 22:52:33,'左クリック',1
satou.tatsuya,2017/06/23 22:52:34,'左クリック',1
satou.tatsuya,2017/06/23 22:52:34,'左クリック',1
satou.tatsuya,2017/06/23 22:52:34,'右クリック',1
satou.tatsuya,2017/06/23,22:52:35,'enter',1
satou.tatsuya,2017/06/23,22:52:36,'↑',1
satou.tatsuya,2017/06/23,22:52:37,'↑',1
satou.tatsuya,2017/06/23,22:52:37,'enter',1
satou.tatsuya,2017/06/23 22:52:39,'左クリック',1
satou.tatsuya,2017/06/23 22:52:40,'左クリック',1
satou.tatsuya,2017/06/23 22:52:41,'左クリック',1
satou.tatsuya,2017/06/23 22:52:45,'左クリック',1
satou.tatsuya,2017/06/23 22:52:48,'左クリック',1
satou.tatsuya,2017/06/23,22:52:48,'W',1
satou.tatsuya,2017/06/23,22:52:48,'E',1
satou.tatsuya,2017/06/23,22:52:49,'F',1
satou.tatsuya,2017/06/23,22:52:49,'E',1
satou.tatsuya,2017/06/23,22:52:49,'F',1
satou.tatsuya,2017/06/23,22:52:49,'H',1
satou.tatsuya,2017/06/23,22:52:49,'A',1
satou.tatsuya,2017/06/23,22:52:49,'S',1
satou.tatsuya,2017/06/23,22:52:49,'E',1
satou.tatsuya,2017/06/23,22:52:49,'P',1
satou.tatsuya,2017/06/23,22:52:49,'I',1
satou.tatsuya,2017/06/23,22:52:49,'O',1
satou.tatsuya,2017/06/23,22:52:49,'F',1
satou.tatsuya,2017/06/23,22:52:49,'J',1
satou.tatsuya,2017/06/23,22:52:49,';(+)',1
satou.tatsuya,2017/06/23,22:52:49,'S',1
satou.tatsuya,2017/06/23,22:52:49,'J',1
satou.tatsuya,2017/06/23,22:52:49,'V',1
satou.tatsuya,2017/06/23,22:52:49,'O',1
satou.tatsuya,2017/06/23,22:52:49,'A',1
satou.tatsuya,2017/06/23,22:52:49,'D',1
satou.tatsuya,2017/06/23,22:52:49,'J',1
satou.tatsuya,2017/06/23,22:52:49,'Z',1
satou.tatsuya,2017/06/23,22:52:49,';(+)',1
satou.tatsuya,2017/06/23,22:52:49,'F',1
satou.tatsuya,2017/06/23,22:52:49,'I',1
satou.tatsuya,2017/06/23,22:52:50,'V',1
satou.tatsuya,2017/06/23,22:52:50,'J',1
satou.tatsuya,2017/06/23,22:52:50,'S',1
satou.tatsuya,2017/06/23,22:52:50,';(+)',1
satou.tatsuya,2017/06/23,22:52:50,'O',1
satou.tatsuya,2017/06/23,22:52:50,'',1
satou.tatsuya,2017/06/23,22:52:50,'Z',1
satou.tatsuya,2017/06/23,22:52:50,'E',1
satou.tatsuya,2017/06/23,22:52:50,'D',1
satou.tatsuya,2017/06/23,22:52:50,'F',1
satou.tatsuya,2017/06/23,22:52:50,'J',1
satou.tatsuya,2017/06/23,22:52:50,'V',1
satou.tatsuya,2017/06/23,22:52:50,';(+)',1
satou.tatsuya,2017/06/23,22:52:50,'S',1
satou.tatsuya,2017/06/23,22:52:50,'L',1
satou.tatsuya,2017/06/23,22:52:50,'',1
satou.tatsuya,2017/06/23,22:52:50,'Z',1
satou.tatsuya,2017/06/23,22:52:50,'J',1
satou.tatsuya,2017/06/23,22:52:50,'K',1
satou.tatsuya,2017/06/23,22:52:50,'F',1
satou.tatsuya,2017/06/23,22:52:50,'V',1
satou.tatsuya,2017/06/23,22:52:50,'O',1
satou.tatsuya,2017/06/23,22:52:50,'A',1
satou.tatsuya,2017/06/23,22:52:50,'E',1
satou.tatsuya,2017/06/23,22:52:50,'J',1
satou.tatsuya,2017/06/23,22:52:50,'B',1
satou.tatsuya,2017/06/23,22:52:50,'A',1
satou.tatsuya,2017/06/23,22:52:50,';(+)',1
satou.tatsuya,2017/06/23,22:52:50,'Z',1
satou.tatsuya,2017/06/23,22:52:50,'D',1
satou.tatsuya,2017/06/23,22:52:50,'J',1
satou.tatsuya,2017/06/23,22:52:50,'V',1
satou.tatsuya,2017/06/23,22:52:50,'P',1
satou.tatsuya,2017/06/23,22:52:50,':(*)',1
satou.tatsuya,2017/06/23,22:52:50,'O',1
satou.tatsuya,2017/06/23,22:52:51,'A',1
satou.tatsuya,2017/06/23,22:52:51,'E',1
satou.tatsuya,2017/06/23,22:52:51,'S',1
satou.tatsuya,2017/06/23,22:52:51,'J',1
satou.tatsuya,2017/06/23,22:52:51,'',1
satou.tatsuya,2017/06/23,22:52:51,'E',1
satou.tatsuya,2017/06/23,22:52:51,'G',1
satou.tatsuya,2017/06/23,22:52:51,'V',1
satou.tatsuya,2017/06/23,22:52:51,'I',1
satou.tatsuya,2017/06/23,22:52:51,'S',1
satou.tatsuya,2017/06/23,22:52:51,'J',1
satou.tatsuya,2017/06/23,22:52:51,'',1
satou.tatsuya,2017/06/23,22:52:51,'Z',1
satou.tatsuya,2017/06/23,22:52:51,'P',1
satou.tatsuya,2017/06/23,22:52:51,':(*)',1
satou.tatsuya,2017/06/23,22:52:51,'O',1
satou.tatsuya,2017/06/23,22:52:51,'C',1
satou.tatsuya,2017/06/23,22:52:51,'K',1
satou.tatsuya,2017/06/23,22:52:51,'S',1
satou.tatsuya,2017/06/23,22:52:51,':(*)',1
satou.tatsuya,2017/06/23,22:52:51,'O',1
satou.tatsuya,2017/06/23,22:52:51,'',1
satou.tatsuya,2017/06/23,22:52:51,'E',1
satou.tatsuya,2017/06/23,22:52:51,'J',1
satou.tatsuya,2017/06/23,22:52:51,'D',1
satou.tatsuya,2017/06/23,22:52:51,'V',1
satou.tatsuya,2017/06/23,22:52:51,';(+)',1
satou.tatsuya,2017/06/23,22:52:51,'I',1
satou.tatsuya,2017/06/23,22:52:51,'O',1
satou.tatsuya,2017/06/23,22:52:51,'S',1
satou.tatsuya,2017/06/23,22:52:51,'E',1
satou.tatsuya,2017/06/23,22:52:51,'J',1
satou.tatsuya,2017/06/23,22:52:51,'D',1
satou.tatsuya,2017/06/23,22:52:51,';(+)',1
satou.tatsuya,2017/06/23,22:52:51,'I',1
satou.tatsuya,2017/06/23,22:52:51,'F',1
satou.tatsuya,2017/06/23,22:52:51,'V',1
satou.tatsuya,2017/06/23,22:52:51,'U',1
satou.tatsuya,2017/06/23,22:52:51,'C',1
satou.tatsuya,2017/06/23,22:52:51,'D',1
satou.tatsuya,2017/06/23,22:52:52,'F',1
satou.tatsuya,2017/06/23,22:52:52,'U',1
satou.tatsuya,2017/06/23,22:52:52,'O',1
satou.tatsuya,2017/06/23,22:52:52,'S',1
satou.tatsuya,2017/06/23,22:52:52,'C',1
satou.tatsuya,2017/06/23,22:52:52,'F',1
satou.tatsuya,2017/06/23,22:52:52,'V',1
satou.tatsuya,2017/06/23,22:52:52,'G',1
satou.tatsuya,2017/06/23,22:52:52,'8(()',1
satou.tatsuya,2017/06/23,22:52:52,'U',1
satou.tatsuya,2017/06/23,22:52:52,'W',1
satou.tatsuya,2017/06/23,22:52:52,'',1
satou.tatsuya,2017/06/23,22:52:52,'S',1
satou.tatsuya,2017/06/23,22:52:52,'F',1
satou.tatsuya,2017/06/23,22:52:52,'I',1
satou.tatsuya,2017/06/23,22:52:52,'space',1
satou.tatsuya,2017/06/23,22:52:52,';(+)',1
satou.tatsuya,2017/06/23,22:52:52,'V',1
satou.tatsuya,2017/06/23,22:52:52,'G',1
satou.tatsuya,2017/06/23,22:52:52,'U',1
satou.tatsuya,2017/06/23,22:52:52,'I',1
satou.tatsuya,2017/06/23,22:52:52,'W',1
satou.tatsuya,2017/06/23,22:52:52,'Y',1
satou.tatsuya,2017/06/23,22:52:52,'',1
satou.tatsuya,2017/06/23,22:52:52,'A',1
satou.tatsuya,2017/06/23,22:52:52,'](})',1
satou.tatsuya,2017/06/23,22:52:52,'T',1
satou.tatsuya,2017/06/23,22:52:52,'Y',1
satou.tatsuya,2017/06/23,22:52:52,'W',1
satou.tatsuya,2017/06/23,22:52:53,'E',1
satou.tatsuya,2017/06/23,22:52:53,'5(%)',1
satou.tatsuya,2017/06/23,22:52:53,'7(&)',1
satou.tatsuya,2017/06/23,22:52:53,'R',1
satou.tatsuya,2017/06/23,22:52:53,'G',1
satou.tatsuya,2017/06/23,22:52:53,'^(~)',1
satou.tatsuya,2017/06/23,22:52:53,'H',1
satou.tatsuya,2017/06/23,22:52:53,'G',1
satou.tatsuya,2017/06/23,22:52:53,'F',1
satou.tatsuya,2017/06/23,22:52:53,'E',1
satou.tatsuya,2017/06/23,22:52:53,'Tab',1
satou.tatsuya,2017/06/23,22:52:53,'5(%)',1
satou.tatsuya,2017/06/23,22:52:53,'A',1
satou.tatsuya,2017/06/23,22:52:53,'Y',1
satou.tatsuya,2017/06/23,22:52:53,'J',1
satou.tatsuya,2017/06/23,22:52:53,'H',1
satou.tatsuya,2017/06/23,22:52:53,'^(~)',1
satou.tatsuya,2017/06/23,22:52:53,'\(|)',1
satou.tatsuya,2017/06/23,22:52:53,'T',1
satou.tatsuya,2017/06/23,22:52:53,'W',1
satou.tatsuya,2017/06/23,22:52:53,'A',1
satou.tatsuya,2017/06/23 22:52:55,'左クリック',1
satou.tatsuya,2017/06/23 22:52:57,'左クリック',1
satou.tatsuya,2017/06/23 22:52:59,'左クリック',1
satou.tatsuya,2017/06/23 22:53:00,'左クリック',1
satou.tatsuya,2017/06/23 22:53:01,'左クリック',1
satou.tatsuya,2017/06/23 22:53:37,'左クリック',1
satou.tatsuya,2017/06/23 22:53:39,'左クリック',1
satou.tatsuya,2017/06/23 22:53:57,'左クリック',1
satou.tatsuya,2017/06/23 22:53:59,'左クリック',1
satou.tatsuya,2017/06/23 22:54:46,'左クリック',1
satou.tatsuya,2017/06/23 22:54:47,'左クリック',1
satou.tatsuya,2017/06/23 22:54:48,'左クリック',1
satou.tatsuya,2017/06/23 22:55:03,'左クリック',1
satou.tatsuya,2017/06/23 22:55:06,'左クリック',1
satou.tatsuya,2017/06/23 22:55:10,'左クリック',1
satou.tatsuya,2017/06/23 22:55:11,'左クリック',1
satou.tatsuya,2017/06/23 22:55:14,'左クリック',1
satou.tatsuya,2017/06/23 22:55:33,'左クリック',1
satou.tatsuya,2017/06/23 22:55:37,'左クリック',1
satou.tatsuya,2017/06/23 22:55:38,'右クリック',1
satou.tatsuya,2017/06/23 22:55:39,'左クリック',1
satou.tatsuya,2017/06/23 22:55:40,'左クリック',1
satou.tatsuya,2017/06/23 22:55:42,'左クリック',1
satou.tatsuya,2017/06/23 22:55:42,'左クリック',1
satou.tatsuya,2017/06/23 22:55:43,'左クリック',1
satou.tatsuya,2017/06/23 22:55:43,'左クリック',1
satou.tatsuya,2017/06/23 22:55:44,'左クリック',1
satou.tatsuya,2017/06/23 22:55:44,'左クリック',1
satou.tatsuya,2017/06/23 22:55:47,'右クリック',1
satou.tatsuya,2017/06/23 22:55:47,'左クリック',1
satou.tatsuya,2017/06/23 22:55:48,'左クリック',1
satou.tatsuya,2017/06/23,22:55:48,'ctr',1
satou.tatsuya,2017/06/23,22:55:48,'Paste(Control+V)',1
satou.tatsuya,2017/06/23 22:55:49,'左クリック',1
satou.tatsuya,2017/06/23 22:55:54,'左クリック',1
satou.tatsuya,2017/06/23 22:55:54,'左クリック',1
satou.tatsuya,2017/06/23 22:55:56,'左クリック',1
satou.tatsuya,2017/06/23 22:55:57,'左クリック',1
satou.tatsuya,2017/06/23,22:55:58,'ctr',1
satou.tatsuya,2017/06/23,22:55:58,'Paste(Control+V)',1
satou.tatsuya,2017/06/23 22:55:59,'左クリック',1
satou.tatsuya,2017/06/23 22:56:03,'左クリック',1
satou.tatsuya,2017/06/23 22:56:08,'左クリック',1
satou.tatsuya,2017/06/23 22:56:10,'左クリック',1
satou.tatsuya,2017/06/23 22:56:10,'左クリック',1
satou.tatsuya,2017/06/23 22:56:11,'左クリック',1
satou.tatsuya,2017/06/23 22:56:16,'左クリック',1
satou.tatsuya,2017/06/23 22:56:17,'左クリック',1
satou.tatsuya,2017/06/23,22:56:19,'P',1
satou.tatsuya,2017/06/23,22:56:19,'C',1
satou.tatsuya,2017/06/23,22:56:19,'L',1
satou.tatsuya,2017/06/23,22:56:20,'O',1
satou.tatsuya,2017/06/23,22:56:20,'G',1
satou.tatsuya,2017/06/23,22:56:22,'backspace',1
satou.tatsuya,2017/06/23,22:56:22,'backspace',1
satou.tatsuya,2017/06/23,22:56:22,'backspace',1
satou.tatsuya,2017/06/23,22:56:22,'backspace',1
satou.tatsuya,2017/06/23,22:56:23,'backspace',1
satou.tatsuya,2017/06/23 22:56:24,'左クリック',1
satou.tatsuya,2017/06/23 22:56:30,'左クリック',1
satou.tatsuya,2017/06/23 22:56:39,'左クリック',1
satou.tatsuya,2017/06/23,22:56:41,'L',1
satou.tatsuya,2017/06/23,22:56:41,'O',1
satou.tatsuya,2017/06/23,22:56:41,'G',1
satou.tatsuya,2017/06/23 22:56:43,'左クリック',1
satou.tatsuya,2017/06/23 22:56:45,'左クリック',1
satou.tatsuya,2017/06/23 22:56:47,'左クリック',1
satou.tatsuya,2017/06/23 22:56:48,'左クリック',1
satou.tatsuya,2017/06/23 22:56:48,'左クリック',1
satou.tatsuya,2017/06/23 22:56:49,'左クリック',1
satou.tatsuya,2017/06/23 22:56:50,'左クリック',1
satou.tatsuya,2017/06/23 22:56:50,'左クリック',1
satou.tatsuya,2017/06/23 22:56:51,'左クリック',1
satou.tatsuya,2017/06/23 22:56:51,'左クリック',1
satou.tatsuya,2017/06/23 22:56:52,'左クリック',1
satou.tatsuya,2017/06/23 22:56:52,'左クリック',1
satou.tatsuya,2017/06/23 22:56:53,'右クリック',1
satou.tatsuya,2017/06/23 22:56:55,'左クリック',1
satou.tatsuya,2017/06/23 22:56:57,'左クリック',1
satou.tatsuya,2017/06/23 22:56:59,'右クリック',1
satou.tatsuya,2017/06/23 22:57:01,'左クリック',1
satou.tatsuya,2017/06/23 22:57:02,'左クリック',1
satou.tatsuya,2017/06/23 22:57:04,'左クリック',1
satou.tatsuya,2017/06/23,22:58:03,'E',1
satou.tatsuya,2017/06/23,22:58:03,'R',1
satou.tatsuya,2017/06/23,22:58:03,'G',1
satou.tatsuya,2017/06/23,22:58:04,'F',1
satou.tatsuya,2017/06/23,22:58:04,'W',1
satou.tatsuya,2017/06/23,22:58:04,'F',1
satou.tatsuya,2017/06/23,22:58:04,'W',1
satou.tatsuya,2017/06/23,22:58:04,'F',1
satou.tatsuya,2017/06/23,22:58:04,'S',1
satou.tatsuya,2017/06/23,22:58:04,'F',1
satou.tatsuya,2017/06/23,22:58:04,'J',1
satou.tatsuya,2017/06/23,22:58:04,'I',1
satou.tatsuya,2017/06/23,22:58:04,'W',1
satou.tatsuya,2017/06/23,22:58:04,'E',1
satou.tatsuya,2017/06/23,22:58:04,'J',1
satou.tatsuya,2017/06/23,22:58:04,';(+)',1
satou.tatsuya,2017/06/23,22:58:04,'F',1
satou.tatsuya,2017/06/23,22:58:04,'J',1
satou.tatsuya,2017/06/23,22:58:05,'A',1
satou.tatsuya,2017/06/23,22:58:05,'S',1
satou.tatsuya,2017/06/23,22:58:05,'R',1
satou.tatsuya,2017/06/23,22:58:05,'O',1
satou.tatsuya,2017/06/23,22:58:05,'G',1
satou.tatsuya,2017/06/23,22:58:05,'J',1
satou.tatsuya,2017/06/23,22:58:05,';(+)',1
satou.tatsuya,2017/06/23,22:58:05,'A',1
satou.tatsuya,2017/06/23,22:58:05,'E',1
satou.tatsuya,2017/06/23,22:58:05,'S',1
satou.tatsuya,2017/06/23,22:58:05,'F',1
satou.tatsuya,2017/06/23,22:58:05,'K',1
satou.tatsuya,2017/06/23,22:58:05,'V',1
satou.tatsuya,2017/06/23,22:58:05,';(+)',1
satou.tatsuya,2017/06/23,22:58:05,'A',1
satou.tatsuya,2017/06/23,22:58:05,'S',1
satou.tatsuya,2017/06/23,22:58:05,'D',1
satou.tatsuya,2017/06/23,22:58:05,'K',1
satou.tatsuya,2017/06/23,22:58:05,'X',1
satou.tatsuya,2017/06/23,22:58:05,'F',1
satou.tatsuya,2017/06/23,22:58:05,'C',1
satou.tatsuya,2017/06/23,22:58:05,'P',1
satou.tatsuya,2017/06/23,22:58:05,'A',1
satou.tatsuya,2017/06/23,22:58:05,':(*)',1
satou.tatsuya,2017/06/23,22:58:05,'E',1
satou.tatsuya,2017/06/23,22:58:05,'S',1
satou.tatsuya,2017/06/23,22:58:05,'G',1
satou.tatsuya,2017/06/23,22:58:05,'K',1
satou.tatsuya,2017/06/23,22:58:05,'F',1
satou.tatsuya,2017/06/23,22:58:06,'P',1
satou.tatsuya,2017/06/23,22:58:06,'V',1
satou.tatsuya,2017/06/23,22:58:06,':(*)',1
satou.tatsuya,2017/06/23,22:58:06,'A',1
satou.tatsuya,2017/06/23,22:58:06,'O',1
satou.tatsuya,2017/06/23,22:58:06,'Z',1
satou.tatsuya,2017/06/23,22:58:06,'K',1
satou.tatsuya,2017/06/23,22:58:06,'X',1
satou.tatsuya,2017/06/23,22:58:06,'R',1
satou.tatsuya,2017/06/23,22:58:06,'/(?)',1
satou.tatsuya,2017/06/23,22:58:06,'D',1
satou.tatsuya,2017/06/23,22:58:06,'G',1
satou.tatsuya,2017/06/23,22:58:06,'V',1
satou.tatsuya,2017/06/23,22:58:06,',(<)',1
satou.tatsuya,2017/06/23,22:58:06,'D',1
satou.tatsuya,2017/06/23,22:58:06,'](})',1
satou.tatsuya,2017/06/23,22:58:06,'Z',1
satou.tatsuya,2017/06/23,22:58:06,'G',1
satou.tatsuya,2017/06/23,22:58:06,'L',1
satou.tatsuya,2017/06/23,22:58:06,'V',1
satou.tatsuya,2017/06/23,22:58:06,'\(_)',1
satou.tatsuya,2017/06/23,22:58:06,'E',1
satou.tatsuya,2017/06/23,22:58:06,'D',1
satou.tatsuya,2017/06/23,22:58:06,'R',1
satou.tatsuya,2017/06/23,22:58:06,'M',1
satou.tatsuya,2017/06/23,22:58:06,',(<)',1
satou.tatsuya,2017/06/23,22:58:06,'G',1
satou.tatsuya,2017/06/23,22:58:06,'V',1
satou.tatsuya,2017/06/23,22:58:06,'O',1
satou.tatsuya,2017/06/23,22:58:06,'K',1
satou.tatsuya,2017/06/23,22:58:07,'D',1
satou.tatsuya,2017/06/23,22:58:07,'space',1
satou.tatsuya,2017/06/23,22:58:07,'X',1
satou.tatsuya,2017/06/23,22:58:07,'E',1
satou.tatsuya,2017/06/23,22:58:07,'F',1
satou.tatsuya,2017/06/23,22:58:07,'L',1
satou.tatsuya,2017/06/23,22:58:07,'V',1
satou.tatsuya,2017/06/23,22:58:07,'A',1
satou.tatsuya,2017/06/23,22:58:07,'E',1
satou.tatsuya,2017/06/23,22:58:07,'0()',1
satou.tatsuya,2017/06/23,22:58:07,'K',1
satou.tatsuya,2017/06/23,22:58:07,'F',1
satou.tatsuya,2017/06/23,22:58:07,'G',1
satou.tatsuya,2017/06/23,22:58:07,'V',1
satou.tatsuya,2017/06/23,22:58:07,':(*)',1
satou.tatsuya,2017/06/23,22:58:07,'S',1
satou.tatsuya,2017/06/23,22:58:07,'E',1
satou.tatsuya,2017/06/23,22:58:07,'K',1
satou.tatsuya,2017/06/23,22:58:07,'D',1
satou.tatsuya,2017/06/23,22:58:07,'R',1
satou.tatsuya,2017/06/23,22:58:07,'G',1
satou.tatsuya,2017/06/23,22:58:07,'P',1
satou.tatsuya,2017/06/23,22:58:07,'V',1
satou.tatsuya,2017/06/23,22:58:07,',(<)',1
satou.tatsuya,2017/06/23,22:58:07,'D',1
satou.tatsuya,2017/06/23,22:58:07,'Z',1
satou.tatsuya,2017/06/23,22:58:07,'](})',1
satou.tatsuya,2017/06/23,22:58:07,'G',1
satou.tatsuya,2017/06/23,22:58:07,'L',1
satou.tatsuya,2017/06/23,22:58:07,'\(_)',1
satou.tatsuya,2017/06/23,22:58:07,'V',1
satou.tatsuya,2017/06/23,22:58:08,'A',1
satou.tatsuya,2017/06/23,22:58:08,'E',1
satou.tatsuya,2017/06/23,22:58:08,'D',1
satou.tatsuya,2017/06/23,22:58:08,'R',1
satou.tatsuya,2017/06/23,22:58:08,'G',1
satou.tatsuya,2017/06/23,22:58:08,'K',1
satou.tatsuya,2017/06/23,22:58:08,'V',1
satou.tatsuya,2017/06/23,22:58:08,'A',1
satou.tatsuya,2017/06/23,22:58:08,'L',1
satou.tatsuya,2017/06/23,22:58:08,'D',1
satou.tatsuya,2017/06/23,22:58:08,'K',1
satou.tatsuya,2017/06/23,22:58:08,'R',1
satou.tatsuya,2017/06/23,22:58:08,'G',1
satou.tatsuya,2017/06/23,22:58:08,'O',1
satou.tatsuya,2017/06/23,22:58:08,'V',1
satou.tatsuya,2017/06/23,22:58:08,'K',1
satou.tatsuya,2017/06/23,22:58:08,'D',1
satou.tatsuya,2017/06/23,22:58:08,'Z',1
satou.tatsuya,2017/06/23,22:58:08,'R',1
satou.tatsuya,2017/06/23,22:58:08,'](})',1
satou.tatsuya,2017/06/23,22:58:08,'\(_)',1
satou.tatsuya,2017/06/23,22:58:08,'F',1
satou.tatsuya,2017/06/23,22:58:08,'L',1
satou.tatsuya,2017/06/23,22:58:08,'A',1
satou.tatsuya,2017/06/23,22:58:08,'W',1
satou.tatsuya,2017/06/23,22:58:08,'E',1
satou.tatsuya,2017/06/23,22:58:08,'\(_)',1
satou.tatsuya,2017/06/23,22:58:08,';(+)',1
satou.tatsuya,2017/06/23,22:58:08,'G',1
satou.tatsuya,2017/06/23,22:58:08,'K',1
satou.tatsuya,2017/06/23,22:58:08,'V',1
satou.tatsuya,2017/06/23,22:58:09,'A',1
satou.tatsuya,2017/06/23,22:58:09,':(*)',1
satou.tatsuya,2017/06/23,22:58:09,'O',1
satou.tatsuya,2017/06/23,22:58:09,'G',1
satou.tatsuya,2017/06/23,22:58:09,'V',1
satou.tatsuya,2017/06/23,22:58:09,'｣',1
satou.tatsuya,2017/06/23,22:58:09,'A',1
satou.tatsuya,2017/06/23,22:58:09,'E',1
satou.tatsuya,2017/06/23,22:58:09,'L',1
satou.tatsuya,2017/06/23,22:58:09,'S',1
satou.tatsuya,2017/06/23,22:58:09,'D',1
satou.tatsuya,2017/06/23,22:58:09,'R',1
satou.tatsuya,2017/06/23,22:58:09,'](})',1
satou.tatsuya,2017/06/23,22:58:09,'P',1
satou.tatsuya,2017/06/23,22:58:09,'G',1
satou.tatsuya,2017/06/23,22:58:09,'K',1
satou.tatsuya,2017/06/23,22:58:09,'A',1
satou.tatsuya,2017/06/23,22:58:09,'E',1
satou.tatsuya,2017/06/23,22:58:09,':(*)',1
satou.tatsuya,2017/06/23,22:58:09,'S',1
satou.tatsuya,2017/06/23,22:58:09,'\(_)',1
satou.tatsuya,2017/06/23,22:58:09,'G',1
satou.tatsuya,2017/06/23,22:58:09,'L',1
satou.tatsuya,2017/06/23,22:58:09,'F',1
satou.tatsuya,2017/06/23,22:58:09,'V',1
satou.tatsuya,2017/06/23,22:58:09,':(*)',1
satou.tatsuya,2017/06/23,22:58:09,'A',1
satou.tatsuya,2017/06/23,22:58:09,'D',1
satou.tatsuya,2017/06/23,22:58:09,'R',1
satou.tatsuya,2017/06/23,22:58:09,'K',1
satou.tatsuya,2017/06/23,22:58:09,'G',1
satou.tatsuya,2017/06/23,22:58:10,':(*)',1
satou.tatsuya,2017/06/23,22:58:10,'A',1
satou.tatsuya,2017/06/23,22:58:10,'E',1
satou.tatsuya,2017/06/23,22:58:10,'R',1
satou.tatsuya,2017/06/23,22:58:10,'K',1
satou.tatsuya,2017/06/23,22:58:10,'S',1
satou.tatsuya,2017/06/23,22:58:10,'](})',1
satou.tatsuya,2017/06/23,22:58:10,'P',1
satou.tatsuya,2017/06/23,22:58:10,'F',1
satou.tatsuya,2017/06/23,22:58:10,'V',1
satou.tatsuya,2017/06/23,22:58:10,'L',1
satou.tatsuya,2017/06/23,22:58:10,'A',1
satou.tatsuya,2017/06/23,22:58:10,'E',1
satou.tatsuya,2017/06/23,22:58:10,'S',1
satou.tatsuya,2017/06/23,22:58:10,'D',1
satou.tatsuya,2017/06/23,22:58:10,'F',1
satou.tatsuya,2017/06/23,22:58:10,'V',1
satou.tatsuya,2017/06/23,22:58:10,'S',1
satou.tatsuya,2017/06/23,22:58:10,'D',1
satou.tatsuya,2017/06/23 22:58:11,'左クリック',1
satou.tatsuya,2017/06/23,22:59:30,'E',1
satou.tatsuya,2017/06/23,22:59:30,'F',1
satou.tatsuya,2017/06/23,22:59:30,'S',1
satou.tatsuya,2017/06/23,22:59:30,'D',1
satou.tatsuya,2017/06/23,22:59:30,'F',1
satou.tatsuya,2017/06/23,22:59:30,'S',1
satou.tatsuya,2017/06/23,22:59:30,'D',1
satou.tatsuya,2017/06/23,22:59:30,'F',1
satou.tatsuya,2017/06/23,22:59:31,'V',1
satou.tatsuya,2017/06/23,22:59:31,'A',1
satou.tatsuya,2017/06/23,22:59:31,'caps lock',1
satou.tatsuya,2017/06/23,22:59:31,'S',1
satou.tatsuya,2017/06/23,22:59:31,'G',1
satou.tatsuya,2017/06/23,22:59:31,'V',1
satou.tatsuya,2017/06/23,22:59:31,'A',1
satou.tatsuya,2017/06/23,22:59:31,'S',1
satou.tatsuya,2017/06/23,22:59:31,'G',1
satou.tatsuya,2017/06/23,22:59:31,'V',1
satou.tatsuya,2017/06/23,22:59:31,'A',1
satou.tatsuya,2017/06/23,22:59:31,'S',1
satou.tatsuya,2017/06/23,22:59:31,'G',1
satou.tatsuya,2017/06/23,22:59:31,'V',1
satou.tatsuya,2017/06/23,22:59:31,'A',1
satou.tatsuya,2017/06/23 22:59:31,'左クリック',1
satou.tatsuya,2017/06/23,23:01:20,'S',1
satou.tatsuya,2017/06/23,23:01:20,'D',1
satou.tatsuya,2017/06/23,23:01:20,'F',1
satou.tatsuya,2017/06/23,23:01:20,'G',1
satou.tatsuya,2017/06/23,23:01:20,'S',1
satou.tatsuya,2017/06/23,23:01:20,'F',1
satou.tatsuya,2017/06/23,23:01:21,'A',1
satou.tatsuya,2017/06/23,23:01:21,'S',1
satou.tatsuya,2017/06/23,23:01:21,'I',1
satou.tatsuya,2017/06/23,23:01:21,'G',1
satou.tatsuya,2017/06/23,23:01:21,'H',1
satou.tatsuya,2017/06/23,23:01:21,'A',1
satou.tatsuya,2017/06/23,23:01:21,'S',1
satou.tatsuya,2017/06/23,23:01:21,'I',1
satou.tatsuya,2017/06/23,23:01:21,'O',1
satou.tatsuya,2017/06/23,23:01:21,'G',1
satou.tatsuya,2017/06/23,23:01:21,'J',1
satou.tatsuya,2017/06/23,23:01:21,'V',1
satou.tatsuya,2017/06/23,23:01:21,';(+)',1
satou.tatsuya,2017/06/23,23:01:21,'A',1
satou.tatsuya,2017/06/23,23:01:21,'S',1
satou.tatsuya,2017/06/23,23:01:21,'D',1
satou.tatsuya,2017/06/23,23:01:21,'K',1
satou.tatsuya,2017/06/23,23:01:21,'F',1
satou.tatsuya,2017/06/23,23:01:21,'J',1
satou.tatsuya,2017/06/23,23:01:21,'A',1
satou.tatsuya,2017/06/23,23:01:21,'S',1
satou.tatsuya,2017/06/23,23:01:21,'D',1
satou.tatsuya,2017/06/23,23:01:21,'P',1
satou.tatsuya,2017/06/23,23:01:21,':(*)',1
satou.tatsuya,2017/06/23,23:01:21,'O',1
satou.tatsuya,2017/06/23,23:01:21,'V',1
satou.tatsuya,2017/06/23,23:01:21,'J',1
satou.tatsuya,2017/06/23,23:01:21,'A',1
satou.tatsuya,2017/06/23,23:01:21,';(+)',1
satou.tatsuya,2017/06/23,23:01:21,'I',1
satou.tatsuya,2017/06/23,23:01:21,'O',1
satou.tatsuya,2017/06/23,23:01:21,'V',1
satou.tatsuya,2017/06/23,23:01:21,'J',1
satou.tatsuya,2017/06/23,23:01:21,':(*)',1
satou.tatsuya,2017/06/23,23:01:21,'S',1
satou.tatsuya,2017/06/23,23:01:21,'P',1
satou.tatsuya,2017/06/23,23:01:22,'F',1
satou.tatsuya,2017/06/23,23:01:22,'K',1
satou.tatsuya,2017/06/23,23:01:22,'G',1
satou.tatsuya,2017/06/23,23:01:22,'V',1
satou.tatsuya,2017/06/23,23:01:22,':(*)',1
satou.tatsuya,2017/06/23,23:01:22,'A',1
satou.tatsuya,2017/06/23,23:01:22,'W',1
satou.tatsuya,2017/06/23,23:01:22,'E',1
satou.tatsuya,2017/06/23,23:01:22,'J',1
satou.tatsuya,2017/06/23,23:01:22,'S',1
satou.tatsuya,2017/06/23,23:01:22,'G',1
satou.tatsuya,2017/06/23,23:01:22,':(*)',1
satou.tatsuya,2017/06/23,23:01:22,'V',1
satou.tatsuya,2017/06/23,23:01:22,'O',1
satou.tatsuya,2017/06/23,23:01:22,'A',1
satou.tatsuya,2017/06/23,23:01:22,'S',1
satou.tatsuya,2017/06/23,23:01:22,'E',1
satou.tatsuya,2017/06/23,23:01:22,'F',1
satou.tatsuya,2017/06/23,23:01:22,'O',1
satou.tatsuya,2017/06/23,23:01:22,'K',1
satou.tatsuya,2017/06/23,23:01:22,'V',1
satou.tatsuya,2017/06/23,23:01:22,'A',1
satou.tatsuya,2017/06/23,23:01:22,'](})',1
satou.tatsuya,2017/06/23,23:01:22,'E',1
satou.tatsuya,2017/06/23,23:01:22,'S',1
satou.tatsuya,2017/06/23,23:01:22,'R',1
satou.tatsuya,2017/06/23,23:01:22,'G',1
satou.tatsuya,2017/06/23,23:01:22,'B',1
satou.tatsuya,2017/06/23,23:01:22,'A',1
satou.tatsuya,2017/06/23,23:01:22,'E',1
satou.tatsuya,2017/06/23,23:01:23,'R',1
satou.tatsuya,2017/06/23,23:01:23,'S',1
satou.tatsuya,2017/06/23,23:01:23,'D',1
satou.tatsuya,2017/06/23,23:01:23,'F',1
satou.tatsuya,2017/06/23,23:01:23,'C',1
satou.tatsuya,2017/06/23,23:01:23,'A',1
satou.tatsuya,2017/06/23,23:01:23,'E',1
satou.tatsuya,2017/06/23,23:01:23,'V',1
satou.tatsuya,2017/06/23,23:01:23,'R',1
satou.tatsuya,2017/06/23,23:01:23,'S',1
satou.tatsuya,2017/06/23,23:01:23,'G',1
satou.tatsuya,2017/06/23,23:01:23,'A',1
satou.tatsuya,2017/06/23,23:01:23,'E',1
satou.tatsuya,2017/06/23,23:01:23,'S',1
satou.tatsuya,2017/06/23,23:01:23,'D',1
satou.tatsuya,2017/06/23 23:01:24,'左クリック',1
